product_code,product_imagelink,product_name,product_price
"PYD22KBLTS,PYE22PBLTS,PYE22PELDS,PFE28PBLTS,PFE28PELDS,PYD22KSLSS,PFE28PSKSS,PFE28PMKES,PYE22PMKES,PFD28KBLTS,PYE22PSKSS,PYE22KBLTS","https://products.geappliances.com/MarketingObjectRetrieval/Dispatcher?RequestType=Image&Name=161909.jpg&Variant=ViewLarger,https://products.geappliances.com/MarketingObjectRetrieval/Dispatcher?RequestType=Image&Name=R44513.jpg&Variant=ViewLarger,https://products.geappliances.com/MarketingObjectRetrieval/Dispatcher?RequestType=Image&Name=CGI69163.jpg&Variant=ViewLarger,https://products.geappliances.com/MarketingObjectRetrieval/Dispatcher?RequestType=Image&Name=R44510.jpg&Variant=ViewLarger,https://products.geappliances.com/MarketingObjectRetrieval/Dispatcher?RequestType=Image&Name=CGI69161.jpg&Variant=ViewLarger,https://products.geappliances.com/MarketingObjectRetrieval/Dispatcher?RequestType=Image&Name=161978.jpg&Variant=ViewLarger,https://products.geappliances.com/MarketingObjectRetrieval/Dispatcher?RequestType=Image&Name=CGI67695.jpg&Variant=ViewLarger,https://products.geappliances.com/MarketingObjectRetrieval/Dispatcher?RequestType=Image&Name=CGI67696.jpg&Variant=ViewLarger,https://products.geappliances.com/MarketingObjectRetrieval/Dispatcher?RequestType=Image&Name=CGI67704.jpg&Variant=ViewLarger,https://products.geappliances.com/MarketingObjectRetrieval/Dispatcher?RequestType=Image&Name=161891.jpg&Variant=ViewLarger,https://products.geappliances.com/MarketingObjectRetrieval/Dispatcher?RequestType=Image&Name=CGI67703.jpg&Variant=ViewLarger,https://products.geappliances.com/MarketingObjectRetrieval/Dispatcher?RequestType=Image&Name=R44511.jpg&Variant=ViewLarger","GE Profile™ Series 22.2 Cu. Ft. Counter-Depth French-Door Refrigerator with Door In Door and Hands-Free AutoFill,GE Profile™ Series ENERGY STAR® 22.2 Cu. Ft. Counter-Depth French-Door Refrigerator with Keurig® K-Cup® Brewing System,GE Profile™ Series ENERGY STAR® 22.2 Cu. Ft. Counter-Depth French-Door Refrigerator with Keurig® K-Cup® Brewing System,GE Profile™ Series ENERGY STAR® 27.8 Cu. Ft. French-Door Refrigerator with Keurig® K-Cup® Brewing System,GE Profile™ Series ENERGY STAR® 27.8 Cu. Ft. French-Door Refrigerator with Keurig® K-Cup® Brewing System,GE Profile™ Series 22.2 Cu. Ft. Counter-Depth French-Door Refrigerator with Door In Door and Hands-Free AutoFill,GE Profile™ Series ENERGY STAR® 27.8 Cu. Ft. French-Door Refrigerator with Keurig® K-Cup® Brewing System,GE Profile™ Series ENERGY STAR® 27.8 Cu. Ft. French-Door Refrigerator with Keurig® K-Cup® Brewing System,GE Profile™ Series ENERGY STAR® 22.2 Cu. Ft. Counter-Depth French-Door Refrigerator with Keurig® K-Cup® Brewing System,GE Profile™ Series 27.8 Cu. Ft. French-Door Refrigerator with Door In Door and Hands-Free AutoFill,GE Profile™ Series ENERGY STAR® 22.2 Cu. Ft. Counter-Depth French-Door Refrigerator with Keurig® K-Cup® Brewing System,GE Profile™ Series ENERGY STAR® 22.2 Cu. Ft. Counter-Depth French-Door Refrigerator with Hands-Free AutoFill","$,3629,$,3629,$,3629,$,3629,$,3629,$,3529,$,3529,$,3529,$,3529,$,3529,$,3529,$,3429"
product_code,product_imagelink,product_name,product_price
"PYD22KBLTS,PYE22PBLTS,PYE22PELDS,PFE28PBLTS,PFE28PELDS,PYD22KSLSS,PFE28PSKSS,PFE28PMKES,PYE22PMKES,PFD28KBLTS,PYE22PSKSS,PYE22KBLTS","https://products.geappliances.com/MarketingObjectRetrieval/Dispatcher?RequestType=Image&Name=161909.jpg&Variant=ViewLarger,https://products.geappliances.com/MarketingObjectRetrieval/Dispatcher?RequestType=Image&Name=R44513.jpg&Variant=ViewLarger,https://products.geappliances.com/MarketingObjectRetrieval/Dispatcher?RequestType=Image&Name=CGI69163.jpg&Variant=ViewLarger,https://products.geappliances.com/MarketingObjectRetrieval/Dispatcher?RequestType=Image&Name=R44510.jpg&Variant=ViewLarger,https://products.geappliances.com/MarketingObjectRetrieval/Dispatcher?RequestType=Image&Name=CGI69161.jpg&Variant=ViewLarger,https://products.geappliances.com/MarketingObjectRetrieval/Dispatcher?RequestType=Image&Name=161978.jpg&Variant=ViewLarger,https://products.geappliances.com/MarketingObjectRetrieval/Dispatcher?RequestType=Image&Name=CGI67695.jpg&Variant=ViewLarger,https://products.geappliances.com/MarketingObjectRetrieval/Dispatcher?RequestType=Image&Name=CGI67696.jpg&Variant=ViewLarger,https://products.geappliances.com/MarketingObjectRetrieval/Dispatcher?RequestType=Image&Name=CGI67704.jpg&Variant=ViewLarger,https://products.geappliances.com/MarketingObjectRetrieval/Dispatcher?RequestType=Image&Name=161891.jpg&Variant=ViewLarger,https://products.geappliances.com/MarketingObjectRetrieval/Dispatcher?RequestType=Image&Name=CGI67703.jpg&Variant=ViewLarger,https://products.geappliances.com/MarketingObjectRetrieval/Dispatcher?RequestType=Image&Name=R44511.jpg&Variant=ViewLarger","GE Profile™ Series 22.2 Cu. Ft. Counter-Depth French-Door Refrigerator with Door In Door and Hands-Free AutoFill,GE Profile™ Series ENERGY STAR® 22.2 Cu. Ft. Counter-Depth French-Door Refrigerator with Keurig® K-Cup® Brewing System,GE Profile™ Series ENERGY STAR® 22.2 Cu. Ft. Counter-Depth French-Door Refrigerator with Keurig® K-Cup® Brewing System,GE Profile™ Series ENERGY STAR® 27.8 Cu. Ft. French-Door Refrigerator with Keurig® K-Cup® Brewing System,GE Profile™ Series ENERGY STAR® 27.8 Cu. Ft. French-Door Refrigerator with Keurig® K-Cup® Brewing System,GE Profile™ Series 22.2 Cu. Ft. Counter-Depth French-Door Refrigerator with Door In Door and Hands-Free AutoFill,GE Profile™ Series ENERGY STAR® 27.8 Cu. Ft. French-Door Refrigerator with Keurig® K-Cup® Brewing System,GE Profile™ Series ENERGY STAR® 27.8 Cu. Ft. French-Door Refrigerator with Keurig® K-Cup® Brewing System,GE Profile™ Series ENERGY STAR® 22.2 Cu. Ft. Counter-Depth French-Door Refrigerator with Keurig® K-Cup® Brewing System,GE Profile™ Series 27.8 Cu. Ft. French-Door Refrigerator with Door In Door and Hands-Free AutoFill,GE Profile™ Series ENERGY STAR® 22.2 Cu. Ft. Counter-Depth French-Door Refrigerator with Keurig® K-Cup® Brewing System,GE Profile™ Series ENERGY STAR® 22.2 Cu. Ft. Counter-Depth French-Door Refrigerator with Hands-Free AutoFill","$,3629,$,3629,$,3629,$,3629,$,3629,$,3529,$,3529,$,3529,$,3529,$,3529,$,3529,$,3429"
product_code,product_imagelink,product_name,product_price
"PYD22KBLTS,PYE22PBLTS,PYE22PELDS,PFE28PBLTS,PFE28PELDS,PYD22KSLSS,PFE28PSKSS,PFE28PMKES,PYE22PMKES,PFD28KBLTS,PYE22PSKSS,PYE22KBLTS","https://products.geappliances.com/MarketingObjectRetrieval/Dispatcher?RequestType=Image&Name=161909.jpg&Variant=ViewLarger,https://products.geappliances.com/MarketingObjectRetrieval/Dispatcher?RequestType=Image&Name=R44513.jpg&Variant=ViewLarger,https://products.geappliances.com/MarketingObjectRetrieval/Dispatcher?RequestType=Image&Name=CGI69163.jpg&Variant=ViewLarger,https://products.geappliances.com/MarketingObjectRetrieval/Dispatcher?RequestType=Image&Name=R44510.jpg&Variant=ViewLarger,https://products.geappliances.com/MarketingObjectRetrieval/Dispatcher?RequestType=Image&Name=CGI69161.jpg&Variant=ViewLarger,https://products.geappliances.com/MarketingObjectRetrieval/Dispatcher?RequestType=Image&Name=161978.jpg&Variant=ViewLarger,https://products.geappliances.com/MarketingObjectRetrieval/Dispatcher?RequestType=Image&Name=CGI67695.jpg&Variant=ViewLarger,https://products.geappliances.com/MarketingObjectRetrieval/Dispatcher?RequestType=Image&Name=CGI67696.jpg&Variant=ViewLarger,https://products.geappliances.com/MarketingObjectRetrieval/Dispatcher?RequestType=Image&Name=CGI67704.jpg&Variant=ViewLarger,https://products.geappliances.com/MarketingObjectRetrieval/Dispatcher?RequestType=Image&Name=161891.jpg&Variant=ViewLarger,https://products.geappliances.com/MarketingObjectRetrieval/Dispatcher?RequestType=Image&Name=CGI67703.jpg&Variant=ViewLarger,https://products.geappliances.com/MarketingObjectRetrieval/Dispatcher?RequestType=Image&Name=R44511.jpg&Variant=ViewLarger","GE Profile™ Series 22.2 Cu. Ft. Counter-Depth French-Door Refrigerator with Door In Door and Hands-Free AutoFill,GE Profile™ Series ENERGY STAR® 22.2 Cu. Ft. Counter-Depth French-Door Refrigerator with Keurig® K-Cup® Brewing System,GE Profile™ Series ENERGY STAR® 22.2 Cu. Ft. Counter-Depth French-Door Refrigerator with Keurig® K-Cup® Brewing System,GE Profile™ Series ENERGY STAR® 27.8 Cu. Ft. French-Door Refrigerator with Keurig® K-Cup® Brewing System,GE Profile™ Series ENERGY STAR® 27.8 Cu. Ft. French-Door Refrigerator with Keurig® K-Cup® Brewing System,GE Profile™ Series 22.2 Cu. Ft. Counter-Depth French-Door Refrigerator with Door In Door and Hands-Free AutoFill,GE Profile™ Series ENERGY STAR® 27.8 Cu. Ft. French-Door Refrigerator with Keurig® K-Cup® Brewing System,GE Profile™ Series ENERGY STAR® 27.8 Cu. Ft. French-Door Refrigerator with Keurig® K-Cup® Brewing System,GE Profile™ Series ENERGY STAR® 22.2 Cu. Ft. Counter-Depth French-Door Refrigerator with Keurig® K-Cup® Brewing System,GE Profile™ Series 27.8 Cu. Ft. French-Door Refrigerator with Door In Door and Hands-Free AutoFill,GE Profile™ Series ENERGY STAR® 22.2 Cu. Ft. Counter-Depth French-Door Refrigerator with Keurig® K-Cup® Brewing System,GE Profile™ Series ENERGY STAR® 22.2 Cu. Ft. Counter-Depth French-Door Refrigerator with Hands-Free AutoFill","$,3629,$,3629,$,3629,$,3629,$,3629,$,3529,$,3529,$,3529,$,3529,$,3529,$,3529,$,3429"
product_code,product_imagelink,product_name,product_price
"PYD22KBLTS,PYE22PBLTS,PYE22PELDS,PFE28PBLTS,PFE28PELDS,PYD22KSLSS,PFE28PSKSS,PFE28PMKES,PYE22PMKES,PFD28KBLTS,PYE22PSKSS,PYE22KBLTS","https://products.geappliances.com/MarketingObjectRetrieval/Dispatcher?RequestType=Image&Name=161909.jpg&Variant=ViewLarger,https://products.geappliances.com/MarketingObjectRetrieval/Dispatcher?RequestType=Image&Name=R44513.jpg&Variant=ViewLarger,https://products.geappliances.com/MarketingObjectRetrieval/Dispatcher?RequestType=Image&Name=CGI69163.jpg&Variant=ViewLarger,https://products.geappliances.com/MarketingObjectRetrieval/Dispatcher?RequestType=Image&Name=R44510.jpg&Variant=ViewLarger,https://products.geappliances.com/MarketingObjectRetrieval/Dispatcher?RequestType=Image&Name=CGI69161.jpg&Variant=ViewLarger,https://products.geappliances.com/MarketingObjectRetrieval/Dispatcher?RequestType=Image&Name=161978.jpg&Variant=ViewLarger,https://products.geappliances.com/MarketingObjectRetrieval/Dispatcher?RequestType=Image&Name=CGI67695.jpg&Variant=ViewLarger,https://products.geappliances.com/MarketingObjectRetrieval/Dispatcher?RequestType=Image&Name=CGI67696.jpg&Variant=ViewLarger,https://products.geappliances.com/MarketingObjectRetrieval/Dispatcher?RequestType=Image&Name=CGI67704.jpg&Variant=ViewLarger,https://products.geappliances.com/MarketingObjectRetrieval/Dispatcher?RequestType=Image&Name=161891.jpg&Variant=ViewLarger,https://products.geappliances.com/MarketingObjectRetrieval/Dispatcher?RequestType=Image&Name=CGI67703.jpg&Variant=ViewLarger,https://products.geappliances.com/MarketingObjectRetrieval/Dispatcher?RequestType=Image&Name=R44511.jpg&Variant=ViewLarger","GE Profile™ Series 22.2 Cu. Ft. Counter-Depth French-Door Refrigerator with Door In Door and Hands-Free AutoFill,GE Profile™ Series ENERGY STAR® 22.2 Cu. Ft. Counter-Depth French-Door Refrigerator with Keurig® K-Cup® Brewing System,GE Profile™ Series ENERGY STAR® 22.2 Cu. Ft. Counter-Depth French-Door Refrigerator with Keurig® K-Cup® Brewing System,GE Profile™ Series ENERGY STAR® 27.8 Cu. Ft. French-Door Refrigerator with Keurig® K-Cup® Brewing System,GE Profile™ Series ENERGY STAR® 27.8 Cu. Ft. French-Door Refrigerator with Keurig® K-Cup® Brewing System,GE Profile™ Series 22.2 Cu. Ft. Counter-Depth French-Door Refrigerator with Door In Door and Hands-Free AutoFill,GE Profile™ Series ENERGY STAR® 27.8 Cu. Ft. French-Door Refrigerator with Keurig® K-Cup® Brewing System,GE Profile™ Series ENERGY STAR® 27.8 Cu. Ft. French-Door Refrigerator with Keurig® K-Cup® Brewing System,GE Profile™ Series ENERGY STAR® 22.2 Cu. Ft. Counter-Depth French-Door Refrigerator with Keurig® K-Cup® Brewing System,GE Profile™ Series 27.8 Cu. Ft. French-Door Refrigerator with Door In Door and Hands-Free AutoFill,GE Profile™ Series ENERGY STAR® 22.2 Cu. Ft. Counter-Depth French-Door Refrigerator with Keurig® K-Cup® Brewing System,GE Profile™ Series ENERGY STAR® 22.2 Cu. Ft. Counter-Depth French-Door Refrigerator with Hands-Free AutoFill","$,3629,$,3629,$,3629,$,3629,$,3629,$,3529,$,3529,$,3529,$,3529,$,3529,$,3529,$,3429"
product_code,product_imagelink,product_name,product_price
"PYD22KBLTS,PYE22PBLTS,PYE22PELDS,PFE28PBLTS,PFE28PELDS,PYD22KSLSS,PFE28PSKSS,PFE28PMKES,PYE22PMKES,PFD28KBLTS,PYE22PSKSS,PYE22KBLTS","https://products.geappliances.com/MarketingObjectRetrieval/Dispatcher?RequestType=Image&Name=161909.jpg&Variant=ViewLarger,https://products.geappliances.com/MarketingObjectRetrieval/Dispatcher?RequestType=Image&Name=R44513.jpg&Variant=ViewLarger,https://products.geappliances.com/MarketingObjectRetrieval/Dispatcher?RequestType=Image&Name=CGI69163.jpg&Variant=ViewLarger,https://products.geappliances.com/MarketingObjectRetrieval/Dispatcher?RequestType=Image&Name=R44510.jpg&Variant=ViewLarger,https://products.geappliances.com/MarketingObjectRetrieval/Dispatcher?RequestType=Image&Name=CGI69161.jpg&Variant=ViewLarger,https://products.geappliances.com/MarketingObjectRetrieval/Dispatcher?RequestType=Image&Name=161978.jpg&Variant=ViewLarger,https://products.geappliances.com/MarketingObjectRetrieval/Dispatcher?RequestType=Image&Name=CGI67695.jpg&Variant=ViewLarger,https://products.geappliances.com/MarketingObjectRetrieval/Dispatcher?RequestType=Image&Name=CGI67696.jpg&Variant=ViewLarger,https://products.geappliances.com/MarketingObjectRetrieval/Dispatcher?RequestType=Image&Name=CGI67704.jpg&Variant=ViewLarger,https://products.geappliances.com/MarketingObjectRetrieval/Dispatcher?RequestType=Image&Name=161891.jpg&Variant=ViewLarger,https://products.geappliances.com/MarketingObjectRetrieval/Dispatcher?RequestType=Image&Name=CGI67703.jpg&Variant=ViewLarger,https://products.geappliances.com/MarketingObjectRetrieval/Dispatcher?RequestType=Image&Name=R44511.jpg&Variant=ViewLarger","GE Profile™ Series 22.2 Cu. Ft. Counter-Depth French-Door Refrigerator with Door In Door and Hands-Free AutoFill,GE Profile™ Series ENERGY STAR® 22.2 Cu. Ft. Counter-Depth French-Door Refrigerator with Keurig® K-Cup® Brewing System,GE Profile™ Series ENERGY STAR® 22.2 Cu. Ft. Counter-Depth French-Door Refrigerator with Keurig® K-Cup® Brewing System,GE Profile™ Series ENERGY STAR® 27.8 Cu. Ft. French-Door Refrigerator with Keurig® K-Cup® Brewing System,GE Profile™ Series ENERGY STAR® 27.8 Cu. Ft. French-Door Refrigerator with Keurig® K-Cup® Brewing System,GE Profile™ Series 22.2 Cu. Ft. Counter-Depth French-Door Refrigerator with Door In Door and Hands-Free AutoFill,GE Profile™ Series ENERGY STAR® 27.8 Cu. Ft. French-Door Refrigerator with Keurig® K-Cup® Brewing System,GE Profile™ Series ENERGY STAR® 27.8 Cu. Ft. French-Door Refrigerator with Keurig® K-Cup® Brewing System,GE Profile™ Series ENERGY STAR® 22.2 Cu. Ft. Counter-Depth French-Door Refrigerator with Keurig® K-Cup® Brewing System,GE Profile™ Series 27.8 Cu. Ft. French-Door Refrigerator with Door In Door and Hands-Free AutoFill,GE Profile™ Series ENERGY STAR® 22.2 Cu. Ft. Counter-Depth French-Door Refrigerator with Keurig® K-Cup® Brewing System,GE Profile™ Series ENERGY STAR® 22.2 Cu. Ft. Counter-Depth French-Door Refrigerator with Hands-Free AutoFill","$,3629,$,3629,$,3629,$,3629,$,3629,$,3529,$,3529,$,3529,$,3529,$,3529,$,3529,$,3429"
product_code,product_imagelink,product_name,product_price
"PYD22KBLTS,PYE22PBLTS,PYE22PELDS,PFE28PBLTS,PFE28PELDS,PYD22KSLSS,PFE28PSKSS,PFE28PMKES,PYE22PMKES,PFD28KBLTS,PYE22PSKSS,PYE22KBLTS","https://products.geappliances.com/MarketingObjectRetrieval/Dispatcher?RequestType=Image&Name=161909.jpg&Variant=ViewLarger,https://products.geappliances.com/MarketingObjectRetrieval/Dispatcher?RequestType=Image&Name=R44513.jpg&Variant=ViewLarger,https://products.geappliances.com/MarketingObjectRetrieval/Dispatcher?RequestType=Image&Name=CGI69163.jpg&Variant=ViewLarger,https://products.geappliances.com/MarketingObjectRetrieval/Dispatcher?RequestType=Image&Name=R44510.jpg&Variant=ViewLarger,https://products.geappliances.com/MarketingObjectRetrieval/Dispatcher?RequestType=Image&Name=CGI69161.jpg&Variant=ViewLarger,https://products.geappliances.com/MarketingObjectRetrieval/Dispatcher?RequestType=Image&Name=161978.jpg&Variant=ViewLarger,https://products.geappliances.com/MarketingObjectRetrieval/Dispatcher?RequestType=Image&Name=CGI67695.jpg&Variant=ViewLarger,https://products.geappliances.com/MarketingObjectRetrieval/Dispatcher?RequestType=Image&Name=CGI67696.jpg&Variant=ViewLarger,https://products.geappliances.com/MarketingObjectRetrieval/Dispatcher?RequestType=Image&Name=CGI67704.jpg&Variant=ViewLarger,https://products.geappliances.com/MarketingObjectRetrieval/Dispatcher?RequestType=Image&Name=161891.jpg&Variant=ViewLarger,https://products.geappliances.com/MarketingObjectRetrieval/Dispatcher?RequestType=Image&Name=CGI67703.jpg&Variant=ViewLarger,https://products.geappliances.com/MarketingObjectRetrieval/Dispatcher?RequestType=Image&Name=R44511.jpg&Variant=ViewLarger","GE Profile™ Series 22.2 Cu. Ft. Counter-Depth French-Door Refrigerator with Door In Door and Hands-Free AutoFill,GE Profile™ Series ENERGY STAR® 22.2 Cu. Ft. Counter-Depth French-Door Refrigerator with Keurig® K-Cup® Brewing System,GE Profile™ Series ENERGY STAR® 22.2 Cu. Ft. Counter-Depth French-Door Refrigerator with Keurig® K-Cup® Brewing System,GE Profile™ Series ENERGY STAR® 27.8 Cu. Ft. French-Door Refrigerator with Keurig® K-Cup® Brewing System,GE Profile™ Series ENERGY STAR® 27.8 Cu. Ft. French-Door Refrigerator with Keurig® K-Cup® Brewing System,GE Profile™ Series 22.2 Cu. Ft. Counter-Depth French-Door Refrigerator with Door In Door and Hands-Free AutoFill,GE Profile™ Series ENERGY STAR® 27.8 Cu. Ft. French-Door Refrigerator with Keurig® K-Cup® Brewing System,GE Profile™ Series ENERGY STAR® 27.8 Cu. Ft. French-Door Refrigerator with Keurig® K-Cup® Brewing System,GE Profile™ Series ENERGY STAR® 22.2 Cu. Ft. Counter-Depth French-Door Refrigerator with Keurig® K-Cup® Brewing System,GE Profile™ Series 27.8 Cu. Ft. French-Door Refrigerator with Door In Door and Hands-Free AutoFill,GE Profile™ Series ENERGY STAR® 22.2 Cu. Ft. Counter-Depth French-Door Refrigerator with Keurig® K-Cup® Brewing System,GE Profile™ Series ENERGY STAR® 22.2 Cu. Ft. Counter-Depth French-Door Refrigerator with Hands-Free AutoFill","$,3629,$,3629,$,3629,$,3629,$,3629,$,3529,$,3529,$,3529,$,3529,$,3529,$,3529,$,3429"
product_code,product_imagelink,product_name,product_price
"PYD22KBLTS,PYE22PBLTS,PYE22PELDS,PFE28PBLTS,PFE28PELDS,PYD22KSLSS,PFE28PSKSS,PFE28PMKES,PYE22PMKES,PFD28KBLTS,PYE22PSKSS,PYE22KBLTS","https://products.geappliances.com/MarketingObjectRetrieval/Dispatcher?RequestType=Image&Name=161909.jpg&Variant=ViewLarger,https://products.geappliances.com/MarketingObjectRetrieval/Dispatcher?RequestType=Image&Name=R44513.jpg&Variant=ViewLarger,https://products.geappliances.com/MarketingObjectRetrieval/Dispatcher?RequestType=Image&Name=CGI69163.jpg&Variant=ViewLarger,https://products.geappliances.com/MarketingObjectRetrieval/Dispatcher?RequestType=Image&Name=R44510.jpg&Variant=ViewLarger,https://products.geappliances.com/MarketingObjectRetrieval/Dispatcher?RequestType=Image&Name=CGI69161.jpg&Variant=ViewLarger,https://products.geappliances.com/MarketingObjectRetrieval/Dispatcher?RequestType=Image&Name=161978.jpg&Variant=ViewLarger,https://products.geappliances.com/MarketingObjectRetrieval/Dispatcher?RequestType=Image&Name=CGI67695.jpg&Variant=ViewLarger,https://products.geappliances.com/MarketingObjectRetrieval/Dispatcher?RequestType=Image&Name=CGI67696.jpg&Variant=ViewLarger,https://products.geappliances.com/MarketingObjectRetrieval/Dispatcher?RequestType=Image&Name=CGI67704.jpg&Variant=ViewLarger,https://products.geappliances.com/MarketingObjectRetrieval/Dispatcher?RequestType=Image&Name=161891.jpg&Variant=ViewLarger,https://products.geappliances.com/MarketingObjectRetrieval/Dispatcher?RequestType=Image&Name=CGI67703.jpg&Variant=ViewLarger,https://products.geappliances.com/MarketingObjectRetrieval/Dispatcher?RequestType=Image&Name=R44511.jpg&Variant=ViewLarger","GE Profile™ Series 22.2 Cu. Ft. Counter-Depth French-Door Refrigerator with Door In Door and Hands-Free AutoFill,GE Profile™ Series ENERGY STAR® 22.2 Cu. Ft. Counter-Depth French-Door Refrigerator with Keurig® K-Cup® Brewing System,GE Profile™ Series ENERGY STAR® 22.2 Cu. Ft. Counter-Depth French-Door Refrigerator with Keurig® K-Cup® Brewing System,GE Profile™ Series ENERGY STAR® 27.8 Cu. Ft. French-Door Refrigerator with Keurig® K-Cup® Brewing System,GE Profile™ Series ENERGY STAR® 27.8 Cu. Ft. French-Door Refrigerator with Keurig® K-Cup® Brewing System,GE Profile™ Series 22.2 Cu. Ft. Counter-Depth French-Door Refrigerator with Door In Door and Hands-Free AutoFill,GE Profile™ Series ENERGY STAR® 27.8 Cu. Ft. French-Door Refrigerator with Keurig® K-Cup® Brewing System,GE Profile™ Series ENERGY STAR® 27.8 Cu. Ft. French-Door Refrigerator with Keurig® K-Cup® Brewing System,GE Profile™ Series ENERGY STAR® 22.2 Cu. Ft. Counter-Depth French-Door Refrigerator with Keurig® K-Cup® Brewing System,GE Profile™ Series 27.8 Cu. Ft. French-Door Refrigerator with Door In Door and Hands-Free AutoFill,GE Profile™ Series ENERGY STAR® 22.2 Cu. Ft. Counter-Depth French-Door Refrigerator with Keurig® K-Cup® Brewing System,GE Profile™ Series ENERGY STAR® 22.2 Cu. Ft. Counter-Depth French-Door Refrigerator with Hands-Free AutoFill","$,3629,$,3629,$,3629,$,3629,$,3629,$,3529,$,3529,$,3529,$,3529,$,3529,$,3529,$,3429"
product_code,product_imagelink,product_name,product_price
"PYD22KBLTS,PYE22PBLTS,PYE22PELDS,PFE28PBLTS,PFE28PELDS,PYD22KSLSS,PFE28PSKSS,PFE28PMKES,PYE22PMKES,PFD28KBLTS,PYE22PSKSS,PYE22KBLTS","https://products.geappliances.com/MarketingObjectRetrieval/Dispatcher?RequestType=Image&Name=161909.jpg&Variant=ViewLarger,https://products.geappliances.com/MarketingObjectRetrieval/Dispatcher?RequestType=Image&Name=R44513.jpg&Variant=ViewLarger,https://products.geappliances.com/MarketingObjectRetrieval/Dispatcher?RequestType=Image&Name=CGI69163.jpg&Variant=ViewLarger,https://products.geappliances.com/MarketingObjectRetrieval/Dispatcher?RequestType=Image&Name=R44510.jpg&Variant=ViewLarger,https://products.geappliances.com/MarketingObjectRetrieval/Dispatcher?RequestType=Image&Name=CGI69161.jpg&Variant=ViewLarger,https://products.geappliances.com/MarketingObjectRetrieval/Dispatcher?RequestType=Image&Name=161978.jpg&Variant=ViewLarger,https://products.geappliances.com/MarketingObjectRetrieval/Dispatcher?RequestType=Image&Name=CGI67695.jpg&Variant=ViewLarger,https://products.geappliances.com/MarketingObjectRetrieval/Dispatcher?RequestType=Image&Name=CGI67696.jpg&Variant=ViewLarger,https://products.geappliances.com/MarketingObjectRetrieval/Dispatcher?RequestType=Image&Name=CGI67704.jpg&Variant=ViewLarger,https://products.geappliances.com/MarketingObjectRetrieval/Dispatcher?RequestType=Image&Name=161891.jpg&Variant=ViewLarger,https://products.geappliances.com/MarketingObjectRetrieval/Dispatcher?RequestType=Image&Name=CGI67703.jpg&Variant=ViewLarger,https://products.geappliances.com/MarketingObjectRetrieval/Dispatcher?RequestType=Image&Name=R44511.jpg&Variant=ViewLarger","GE Profile™ Series 22.2 Cu. Ft. Counter-Depth French-Door Refrigerator with Door In Door and Hands-Free AutoFill,GE Profile™ Series ENERGY STAR® 22.2 Cu. Ft. Counter-Depth French-Door Refrigerator with Keurig® K-Cup® Brewing System,GE Profile™ Series ENERGY STAR® 22.2 Cu. Ft. Counter-Depth French-Door Refrigerator with Keurig® K-Cup® Brewing System,GE Profile™ Series ENERGY STAR® 27.8 Cu. Ft. French-Door Refrigerator with Keurig® K-Cup® Brewing System,GE Profile™ Series ENERGY STAR® 27.8 Cu. Ft. French-Door Refrigerator with Keurig® K-Cup® Brewing System,GE Profile™ Series 22.2 Cu. Ft. Counter-Depth French-Door Refrigerator with Door In Door and Hands-Free AutoFill,GE Profile™ Series ENERGY STAR® 27.8 Cu. Ft. French-Door Refrigerator with Keurig® K-Cup® Brewing System,GE Profile™ Series ENERGY STAR® 27.8 Cu. Ft. French-Door Refrigerator with Keurig® K-Cup® Brewing System,GE Profile™ Series ENERGY STAR® 22.2 Cu. Ft. Counter-Depth French-Door Refrigerator with Keurig® K-Cup® Brewing System,GE Profile™ Series 27.8 Cu. Ft. French-Door Refrigerator with Door In Door and Hands-Free AutoFill,GE Profile™ Series ENERGY STAR® 22.2 Cu. Ft. Counter-Depth French-Door Refrigerator with Keurig® K-Cup® Brewing System,GE Profile™ Series ENERGY STAR® 22.2 Cu. Ft. Counter-Depth French-Door Refrigerator with Hands-Free AutoFill","$,3629,$,3629,$,3629,$,3629,$,3629,$,3529,$,3529,$,3529,$,3529,$,3529,$,3529,$,3429"
product_code,product_imagelink,product_name,product_price
"PYD22KBLTS,PYE22PBLTS,PYE22PELDS,PFE28PBLTS,PFE28PELDS,PYD22KSLSS,PFE28PSKSS,PFE28PMKES,PYE22PMKES,PFD28KBLTS,PYE22PSKSS,PYE22KBLTS","https://products.geappliances.com/MarketingObjectRetrieval/Dispatcher?RequestType=Image&Name=161909.jpg&Variant=ViewLarger,https://products.geappliances.com/MarketingObjectRetrieval/Dispatcher?RequestType=Image&Name=R44513.jpg&Variant=ViewLarger,https://products.geappliances.com/MarketingObjectRetrieval/Dispatcher?RequestType=Image&Name=CGI69163.jpg&Variant=ViewLarger,https://products.geappliances.com/MarketingObjectRetrieval/Dispatcher?RequestType=Image&Name=R44510.jpg&Variant=ViewLarger,https://products.geappliances.com/MarketingObjectRetrieval/Dispatcher?RequestType=Image&Name=CGI69161.jpg&Variant=ViewLarger,https://products.geappliances.com/MarketingObjectRetrieval/Dispatcher?RequestType=Image&Name=161978.jpg&Variant=ViewLarger,https://products.geappliances.com/MarketingObjectRetrieval/Dispatcher?RequestType=Image&Name=CGI67695.jpg&Variant=ViewLarger,https://products.geappliances.com/MarketingObjectRetrieval/Dispatcher?RequestType=Image&Name=CGI67696.jpg&Variant=ViewLarger,https://products.geappliances.com/MarketingObjectRetrieval/Dispatcher?RequestType=Image&Name=CGI67704.jpg&Variant=ViewLarger,https://products.geappliances.com/MarketingObjectRetrieval/Dispatcher?RequestType=Image&Name=161891.jpg&Variant=ViewLarger,https://products.geappliances.com/MarketingObjectRetrieval/Dispatcher?RequestType=Image&Name=CGI67703.jpg&Variant=ViewLarger,https://products.geappliances.com/MarketingObjectRetrieval/Dispatcher?RequestType=Image&Name=R44511.jpg&Variant=ViewLarger","GE Profile™ Series 22.2 Cu. Ft. Counter-Depth French-Door Refrigerator with Door In Door and Hands-Free AutoFill,GE Profile™ Series ENERGY STAR® 22.2 Cu. Ft. Counter-Depth French-Door Refrigerator with Keurig® K-Cup® Brewing System,GE Profile™ Series ENERGY STAR® 22.2 Cu. Ft. Counter-Depth French-Door Refrigerator with Keurig® K-Cup® Brewing System,GE Profile™ Series ENERGY STAR® 27.8 Cu. Ft. French-Door Refrigerator with Keurig® K-Cup® Brewing System,GE Profile™ Series ENERGY STAR® 27.8 Cu. Ft. French-Door Refrigerator with Keurig® K-Cup® Brewing System,GE Profile™ Series 22.2 Cu. Ft. Counter-Depth French-Door Refrigerator with Door In Door and Hands-Free AutoFill,GE Profile™ Series ENERGY STAR® 27.8 Cu. Ft. French-Door Refrigerator with Keurig® K-Cup® Brewing System,GE Profile™ Series ENERGY STAR® 27.8 Cu. Ft. French-Door Refrigerator with Keurig® K-Cup® Brewing System,GE Profile™ Series ENERGY STAR® 22.2 Cu. Ft. Counter-Depth French-Door Refrigerator with Keurig® K-Cup® Brewing System,GE Profile™ Series 27.8 Cu. Ft. French-Door Refrigerator with Door In Door and Hands-Free AutoFill,GE Profile™ Series ENERGY STAR® 22.2 Cu. Ft. Counter-Depth French-Door Refrigerator with Keurig® K-Cup® Brewing System,GE Profile™ Series ENERGY STAR® 22.2 Cu. Ft. Counter-Depth French-Door Refrigerator with Hands-Free AutoFill","$,3629,$,3629,$,3629,$,3629,$,3629,$,3529,$,3529,$,3529,$,3529,$,3529,$,3529,$,3429"
